时间（ms）,X坐标（mm）,Y坐标（mm）,压力（0-1）,速度（mm/s）,角度（度）,落笔情况（1落笔/0抬笔）
0,3.262500,90.500000,0.578125,0.000000,0.000000,1
10,3.262500,90.500000,0.578125,0.000000,0.000000,1
20,3.262500,90.500000,0.578125,0.000000,0.000000,1
30,3.262500,90.500000,0.578125,0.000000,0.000000,1
40,3.262500,90.500000,0.578125,0.000000,0.000000,1
50,3.262500,90.500000,0.578125,0.000000,0.000000,1
60,3.600000,90.375000,0.555664,35.990450,-20.323137,1
70,3.600000,90.375000,0.555664,0.000000,0.000000,1
80,5.062500,90.750000,0.583008,150.981166,14.381395,1
90,7.312500,92.000000,0.605469,257.390754,29.054604,1
100,7.312500,92.000000,0.605469,0.000000,0.000000,1
110,11.250000,95.125000,0.651367,502.688087,38.437301,1
120,11.250000,95.125000,0.651367,0.000000,0.000000,1
130,14.175000,97.375000,0.666016,369.027438,37.568592,1
140,17.325000,99.500000,0.672852,379.975328,34.003727,1
150,17.325000,99.500000,0.672852,0.000000,0.000000,1
160,20.362500,101.500000,0.677734,363.681265,33.362355,1
170,20.362500,101.500000,0.677734,0.000000,0.000000,1
180,22.950000,103.000000,0.679688,299.084541,30.101305,1
190,25.087500,104.250000,0.680664,247.616765,30.318896,1
200,25.087500,104.250000,0.680664,0.000000,0.000000,1
210,27.337500,105.625000,0.600586,263.687789,31.429566,1
220,27.337500,105.625000,0.600586,0.000000,0.000000,1
230,28.350000,106.500000,0.000000,133.820075,40.833495,0
240,28.462500,106.875000,0.000000,39.151149,73.300756,0
250,28.462500,106.875000,0.000000,0.000000,0.000000,0
260,27.562500,107.500000,0.000000,109.573035,145.222169,0
270,23.850000,108.750000,0.000000,391.728940,161.391603,0
280,23.850000,108.750000,0.000000,0.000000,0.000000,0
290,21.825000,109.625000,0.000000,220.595784,156.630887,0
300,20.587500,110.875000,0.000000,175.895033,134.712084,0
310,20.587500,110.875000,0.000000,0.000000,0.000000,0
320,20.250000,112.625000,0.000000,178.224753,100.915882,0
330,20.475000,114.625000,0.000000,201.261646,83.581213,0
340,20.475000,114.625000,0.000000,0.000000,0.000000,0
350,20.475000,114.625000,0.000000,0.000000,0.000000,0
360,20.250000,117.375000,0.000000,275.918919,94.677418,0
370,19.800000,117.875000,0.000000,67.268120,131.987212,0
380,19.800000,117.875000,0.000000,0.000000,0.000000,0
390,19.462500,117.750000,0.000000,35.990450,-159.676863,0
400,19.462500,117.750000,0.000000,0.000000,0.000000,0
410,19.462500,118.875000,0.000000,112.500000,90.000000,0
420,20.025000,119.125000,0.000000,61.555361,23.962489,0
430,20.025000,119.125000,0.000000,0.000000,0.000000,0
440,20.700000,119.125000,0.529297,67.500000,0.000000,1
450,20.700000,119.125000,0.529297,0.000000,0.000000,1
460,20.700000,119.125000,0.529297,0.000000,0.000000,1
470,20.700000,119.125000,0.529297,0.000000,0.000000,1
480,20.700000,119.125000,0.529297,0.000000,0.000000,1
490,20.700000,119.125000,0.529297,0.000000,0.000000,1
500,20.700000,119.125000,0.529297,0.000000,0.000000,1
510,21.600000,118.625000,0.401367,102.956301,-29.054604,1
520,21.600000,118.625000,0.401367,0.000000,0.000000,1
530,22.837500,117.375000,0.404297,175.895033,-45.287916,1
540,22.837500,117.375000,0.404297,0.000000,0.000000,1
550,22.837500,117.375000,0.404297,0.000000,0.000000,1
560,23.287500,116.500000,0.410156,98.393343,-62.783888,1
570,23.625000,113.875000,0.429688,264.660750,-82.673593,1
580,23.625000,113.875000,0.429688,0.000000,0.000000,1
590,23.737500,111.500000,0.457031,237.766298,-87.288017,1
600,23.737500,111.500000,0.457031,0.000000,0.000000,1
610,23.737500,108.750000,0.482422,275.000000,-90.000000,1
620,23.737500,108.750000,0.482422,0.000000,0.000000,1
630,23.850000,105.250000,0.522461,350.180757,-88.158984,1
640,23.850000,101.125000,0.566406,412.500000,-90.000000,1
650,23.850000,101.125000,0.566406,0.000000,0.000000,1
660,23.850000,94.250000,0.619141,687.500000,-90.000000,1
670,23.850000,94.250000,0.619141,0.000000,0.000000,1
680,23.850000,89.375000,0.642578,487.500000,-90.000000,1
690,23.737500,84.500000,0.670898,487.629790,-91.321976,1
700,23.737500,84.500000,0.670898,0.000000,0.000000,1
710,23.625000,79.625000,0.698242,487.629790,-91.321976,1
720,23.625000,79.625000,0.698242,0.000000,0.000000,1
730,23.737500,72.500000,0.718750,712.588810,-89.095405,1
740,24.075000,68.250000,0.718750,426.337967,-85.459569,1
750,24.075000,68.250000,0.718750,0.000000,0.000000,1
760,24.637500,64.625000,0.708008,366.838265,-81.179620,1
770,24.637500,64.625000,0.708008,0.000000,0.000000,1
780,24.975000,61.625000,0.688477,301.892468,-83.581213,1
790,25.312500,59.250000,0.667969,239.886041,-81.912120,1
800,25.312500,59.250000,0.667969,0.000000,0.000000,1
810,25.312500,57.375000,0.532227,187.500000,-90.000000,1
820,24.862500,57.250000,0.221680,46.703854,-164.475889,1
830,24.862500,57.250000,0.000000,0.000000,0.000000,0
840,24.075000,58.875000,0.000000,180.576334,115.855542,0
850,24.075000,58.875000,0.000000,0.000000,0.000000,0
860,22.725000,62.250000,0.000000,363.498624,111.801409,0
870,20.925000,69.125000,0.000000,710.673096,104.671751,0
880,20.925000,69.125000,0.000000,0.000000,0.000000,0
890,20.250000,74.125000,0.000000,504.535678,97.688448,0
900,20.250000,79.125000,0.000000,500.000000,90.000000,0
910,20.250000,79.125000,0.000000,0.000000,0.000000,0
920,20.362500,83.375000,0.000000,425.148871,88.483701,0
930,20.925000,86.875000,0.000000,354.491273,80.869824,0
940,20.925000,86.875000,0.000000,0.000000,0.000000,0
950,20.925000,91.125000,0.000000,425.000000,90.000000,0
960,20.925000,91.125000,0.000000,0.000000,0.000000,0
970,20.925000,93.500000,0.000000,237.500000,90.000000,0
980,20.925000,93.500000,0.000000,0.000000,0.000000,0
990,20.925000,95.500000,0.000000,200.000000,90.000000,0
1000,20.925000,95.500000,0.000000,0.000000,0.000000,0
1010,21.150000,96.625000,0.000000,114.727939,78.690068,0
1020,22.050000,96.875000,0.000000,93.407708,15.524111,0
1030,22.050000,96.875000,0.000000,0.000000,0.000000,0
1040,22.387500,96.750000,0.000000,35.990450,-20.323137,0
1050,21.937500,95.625000,0.611328,121.166208,-111.801409,1
1060,21.937500,95.625000,0.611328,0.000000,0.000000,1
1070,20.925000,93.375000,0.547852,246.731762,-114.227745,1
1080,20.925000,93.375000,0.547852,0.000000,0.000000,1
1090,20.025000,90.500000,0.527344,301.257780,-107.382389,1
1100,20.025000,90.500000,0.527344,0.000000,0.000000,1
1110,18.562500,85.750000,0.543945,497.005093,-107.113324,1
1120,18.562500,85.750000,0.543945,0.000000,0.000000,1
1130,17.437500,82.250000,0.562500,367.636029,-107.818889,1
1140,16.087500,78.875000,0.589844,363.498624,-111.801409,1
1150,16.087500,78.875000,0.589844,0.000000,0.000000,1
1160,14.737500,75.750000,0.612305,340.413352,-113.364344,1
1170,14.737500,75.750000,0.612305,0.000000,0.000000,1
1180,12.825000,71.625000,0.578125,454.678801,-114.874154,1
1190,11.925000,69.875000,0.461914,196.786687,-117.216112,1
1200,11.475000,69.250000,0.000000,77.014609,-125.753887,0
1210,11.475000,69.250000,0.000000,0.000000,0.000000,0
1220,11.475000,69.250000,0.000000,0.000000,0.000000,0
1230,11.025000,70.250000,0.000000,109.658561,114.227745,0
1240,10.800000,72.750000,0.000000,251.010458,95.142765,0
1250,11.025000,77.250000,0.000000,450.562149,87.137595,0
1260,11.025000,77.250000,0.000000,0.000000,0.000000,0
1270,11.925000,80.125000,0.000000,301.257780,72.617611,0
1280,11.925000,80.125000,0.000000,0.000000,0.000000,0
1290,13.275000,82.875000,0.000000,306.349474,63.853159,0
1300,15.075000,85.625000,0.000000,328.671569,56.793430,0
1310,15.075000,85.625000,0.000000,0.000000,0.000000,0
1320,17.887500,88.875000,0.000000,429.798281,49.127592,0
1330,19.462500,90.250000,0.000000,209.075345,41.121475,0
1340,19.462500,90.250000,0.000000,0.000000,0.000000,0
1350,20.925000,90.500000,0.000000,148.371367,9.700392,0
1360,20.925000,90.500000,0.000000,0.000000,0.000000,0
1370,22.387500,90.750000,0.000000,148.371367,9.700392,0
1380,22.387500,90.750000,0.000000,0.000000,0.000000,0
1390,23.737500,90.500000,0.000000,137.295302,-10.491477,0
1400,24.187500,90.375000,0.156250,46.703854,-15.524111,1
1410,24.187500,90.375000,0.156250,0.000000,0.000000,1
1420,24.525000,89.375000,0.525391,105.541757,-71.350461,1
1430,24.525000,89.375000,0.525391,0.000000,0.000000,1
1440,25.312500,87.625000,0.503906,191.902482,-65.772255,1
1450,25.312500,87.625000,0.503906,0.000000,0.000000,1
1460,26.325000,85.875000,0.524414,202.179530,-59.947552,1
1470,26.325000,85.875000,0.524414,0.000000,0.000000,1
1480,27.337500,84.375000,0.542969,180.973928,-55.980650,1
1490,28.575000,82.750000,0.541992,204.255508,-52.709333,1
1500,28.575000,82.750000,0.541992,0.000000,0.000000,1
1510,29.250000,82.125000,0.488281,91.991847,-42.797402,1
1520,29.925000,81.750000,0.000000,77.217226,-29.054604,0
1530,29.925000,81.750000,0.000000,0.000000,0.000000,0
1540,30.262500,81.750000,0.000000,33.750000,0.000000,0
1550,30.262500,81.750000,0.000000,0.000000,0.000000,0
1560,29.362500,83.250000,0.000000,174.928557,120.963757,0
1570,27.900000,85.500000,0.000000,268.354360,123.023868,0
1580,27.900000,85.500000,0.000000,0.000000,0.000000,0
1590,27.450000,87.625000,0.000000,217.212454,101.956584,0
1600,27.450000,87.625000,0.000000,0.000000,0.000000,0
1610,27.675000,89.125000,0.000000,151.678113,81.469234,0
1620,27.562500,90.375000,0.000000,125.505229,95.142765,0
1630,27.562500,90.375000,0.000000,0.000000,0.000000,0
1640,27.000000,92.000000,0.000000,171.960206,109.093492,0
1650,26.887500,92.750000,0.000000,75.839057,98.530766,0
1660,26.887500,92.750000,0.000000,0.000000,0.000000,0
1670,26.887500,93.125000,0.000000,37.500000,90.000000,0
1680,26.887500,93.125000,0.000000,0.000000,0.000000,0
1690,26.775000,93.625000,0.000000,51.250000,102.680383,0
1700,27.450000,94.250000,0.000000,91.991847,42.797402,0
1710,27.450000,94.250000,0.000000,0.000000,0.000000,0
1720,28.012500,94.375000,0.565430,57.622153,12.528808,1
1730,28.012500,94.375000,0.565430,0.000000,0.000000,1
1740,28.012500,94.375000,0.565430,0.000000,0.000000,1
1750,28.012500,94.375000,0.565430,0.000000,0.000000,1
1760,28.012500,94.375000,0.565430,0.000000,0.000000,1
1770,28.012500,94.375000,0.565430,0.000000,0.000000,1
1780,29.362500,95.000000,0.496094,148.765755,24.842389,1
1790,33.412500,98.000000,0.529297,504.008928,36.528855,1
1800,33.412500,98.000000,0.529297,0.000000,0.000000,1
1810,36.900000,100.875000,0.551758,451.976562,39.501241,1
1820,36.900000,100.875000,0.551758,0.000000,0.000000,1
1830,40.500000,103.625000,0.577148,453.017660,37.375807,1
1840,43.875000,105.625000,0.596680,392.308871,30.650668,1
1850,43.875000,105.625000,0.596680,0.000000,0.000000,1
1860,47.475000,107.500000,0.599609,405.901774,27.512003,1
1870,47.475000,107.500000,0.599609,0.000000,0.000000,1
1880,49.162500,108.125000,0.596680,179.952251,20.323137,1
1890,50.062500,108.500000,0.552734,97.500000,22.619865,1
1900,50.062500,108.500000,0.552734,0.000000,0.000000,1
1910,50.962500,109.500000,0.000000,134.536240,48.012788,0
1920,50.962500,109.500000,0.000000,0.000000,0.000000,0
1930,50.962500,109.500000,0.000000,0.000000,0.000000,0
1940,49.950000,110.500000,0.000000,142.307985,135.355870,0
1950,47.362500,111.375000,0.000000,273.144307,161.316301,0
1960,47.362500,111.375000,0.000000,0.000000,0.000000,0
1970,44.325000,112.375000,0.000000,319.787527,161.777519,0
1980,44.325000,112.375000,0.000000,0.000000,0.000000,0
1990,41.962500,113.625000,0.000000,267.280868,152.116659,0
2000,41.962500,113.625000,0.000000,0.000000,0.000000,0
2010,39.600000,116.750000,0.000000,391.752872,127.089281,0
2020,39.262500,119.375000,0.000000,264.660750,97.326407,0
2030,39.262500,119.375000,0.000000,0.000000,0.000000,0
2040,39.600000,121.625000,0.000000,227.517170,81.469234,0
2050,39.825000,123.375000,0.000000,176.440500,82.673593,0
2060,39.825000,123.375000,0.000000,0.000000,0.000000,0
2070,39.262500,123.750000,0.000000,67.604086,146.309932,0
2080,39.262500,123.750000,0.000000,0.000000,0.000000,0
2090,38.362500,123.375000,0.000000,97.500000,-157.380135,0
2100,38.025000,124.375000,0.000000,105.541757,108.649539,0
2110,38.025000,124.375000,0.000000,0.000000,0.000000,0
2120,37.800000,124.875000,0.000000,54.829280,114.227745,0
2130,37.800000,125.375000,0.000000,50.000000,90.000000,0
2140,37.800000,125.375000,0.000000,0.000000,0.000000,0
2150,38.250000,125.625000,0.565430,51.478151,29.054604,1
2160,38.250000,125.625000,0.565430,0.000000,0.000000,1
2170,38.250000,125.625000,0.565430,0.000000,0.000000,1
2180,38.250000,125.625000,0.565430,0.000000,0.000000,1
2190,38.250000,125.625000,0.565430,0.000000,0.000000,1
2200,38.250000,125.625000,0.565430,0.000000,0.000000,1
2210,38.250000,125.625000,0.565430,0.000000,0.000000,1
2220,38.250000,125.625000,0.565430,0.000000,0.000000,1
2230,38.925000,125.625000,0.361328,67.500000,0.000000,1
2240,39.712500,125.000000,0.375977,100.537617,-38.437301,1
2250,39.712500,125.000000,0.375977,0.000000,0.000000,1
2260,40.275000,124.625000,0.390625,67.604086,-33.690068,1
2270,40.275000,124.625000,0.390625,0.000000,0.000000,1
2280,40.725000,124.000000,0.399414,77.014609,-54.246113,1
2290,41.062500,123.375000,0.418945,71.030363,-61.630954,1
2300,41.062500,123.375000,0.418945,0.000000,0.000000,1
2310,41.512500,121.500000,0.459961,192.824402,-76.504267,1
2320,41.512500,121.500000,0.459961,0.000000,0.000000,1
2330,41.737500,119.500000,0.471680,201.261646,-83.581213,1
2340,41.850000,117.125000,0.486328,237.766298,-87.288017,1
2350,41.850000,117.125000,0.486328,0.000000,0.000000,1
2360,41.850000,114.125000,0.512695,300.000000,-90.000000,1
2370,41.850000,114.125000,0.512695,0.000000,0.000000,1
2380,41.737500,110.500000,0.529297,362.674527,-91.777574,1
2390,41.625000,106.375000,0.571289,412.653381,-91.562225,1
2400,41.625000,106.375000,0.571289,0.000000,0.000000,1
2410,41.512500,100.000000,0.625000,637.599257,-91.010997,1
2420,41.512500,100.000000,0.625000,0.000000,0.000000,1
2430,41.512500,95.375000,0.666016,462.500000,-90.000000,1
2440,41.512500,90.625000,0.694336,475.000000,-90.000000,1
2450,41.512500,90.625000,0.694336,0.000000,0.000000,1
2460,41.737500,83.125000,0.716797,750.337424,-88.281642,1
2470,41.737500,83.125000,0.716797,0.000000,0.000000,1
2480,41.737500,78.250000,0.728516,487.500000,-90.000000,1
2490,41.850000,73.375000,0.744141,487.629790,-88.678024,1
2500,41.850000,73.375000,0.744141,0.000000,0.000000,1
2510,41.850000,68.875000,0.748047,450.000000,-90.000000,1
2520,41.850000,68.875000,0.748047,0.000000,0.000000,1
2530,41.850000,64.625000,0.750000,425.000000,-90.000000,1
2540,41.962500,61.000000,0.747070,362.674527,-88.222426,1
2550,41.962500,61.000000,0.747070,0.000000,0.000000,1
2560,42.187500,57.250000,0.720703,375.674394,-86.566370,1
2570,42.187500,57.250000,0.720703,0.000000,0.000000,1
2580,42.300000,55.875000,0.671875,137.959460,-85.322582,1
2590,42.300000,55.375000,0.574219,50.000000,-90.000000,1
2600,42.300000,55.375000,0.574219,0.000000,0.000000,1
2610,41.625000,55.375000,0.000000,67.500000,180.000000,0
2620,41.625000,55.375000,0.000000,0.000000,0.000000,0
2630,39.825000,57.625000,0.000000,288.140591,128.659808,0
2640,38.250000,60.875000,0.000000,361.152669,115.855542,0
2650,37.012500,65.500000,0.000000,478.769582,104.979597,0
2660,37.012500,65.500000,0.000000,0.000000,0.000000,0
2670,36.675000,71.375000,0.000000,588.468616,93.287846,0
2680,36.675000,71.375000,0.000000,0.000000,0.000000,0
2690,36.562500,77.250000,0.000000,587.607703,91.097019,0
2700,37.012500,84.875000,0.000000,763.826715,86.622527,0
2710,37.012500,84.875000,0.000000,0.000000,0.000000,0
2720,37.350000,88.625000,0.000000,376.515687,84.857235,0
2730,37.237500,91.500000,0.000000,287.720025,92.240865,0
2740,37.237500,91.500000,0.000000,0.000000,0.000000,0
2750,37.237500,91.500000,0.000000,0.000000,0.000000,0
2760,37.237500,93.750000,0.000000,225.000000,90.000000,0
2770,37.462500,95.875000,0.000000,213.687856,83.955908,0
2780,37.462500,95.875000,0.000000,0.000000,0.000000,0
2790,37.800000,96.250000,0.000000,50.451090,48.012788,0
2800,37.800000,96.250000,0.000000,0.000000,0.000000,0
2810,38.587500,96.625000,0.000000,87.222775,25.463345,0
2820,39.712500,96.625000,0.000000,112.500000,0.000000,0
2830,40.162500,96.375000,0.544922,51.478151,-29.054604,1
2840,40.162500,96.375000,0.544922,0.000000,0.000000,1
2850,40.162500,96.375000,0.544922,0.000000,0.000000,1
2860,39.487500,95.250000,0.430664,131.196418,-120.963757,1
2870,38.587500,93.000000,0.401367,242.332416,-111.801409,1
2880,38.587500,93.000000,0.401367,0.000000,0.000000,1
2890,37.687500,89.875000,0.456055,325.201860,-106.066401,1
2900,37.687500,89.875000,0.456055,0.000000,0.000000,1
2910,36.450000,86.250000,0.509766,383.040876,-108.848843,1
2920,36.450000,86.250000,0.509766,0.000000,0.000000,1
2930,31.950000,77.000000,0.557617,1028.652031,-115.942295,1
2940,31.950000,77.000000,0.557617,0.000000,0.000000,1
2950,31.950000,77.000000,0.557617,0.000000,0.000000,1
2960,29.700000,73.500000,0.567383,416.082924,-122.735226,1
2970,27.562500,70.750000,0.567383,348.301683,-127.856949,1
2980,27.562500,70.750000,0.567383,0.000000,0.000000,1
2990,25.875000,68.875000,0.539063,252.255451,-131.987212,1
3000,25.875000,68.875000,0.539063,0.000000,0.000000,1
3010,24.637500,69.250000,0.000000,129.307047,163.141601,0
3020,24.637500,69.250000,0.000000,0.000000,0.000000,0
3030,24.750000,71.375000,0.000000,212.797586,86.969523,0
3040,25.425000,75.125000,0.000000,381.026574,79.796026,0
3050,26.550000,79.375000,0.000000,439.637635,75.173520,0
3060,26.550000,79.375000,0.000000,0.000000,0.000000,0
3070,28.687500,85.375000,0.000000,636.937252,70.391559,0
3080,28.687500,85.375000,0.000000,0.000000,0.000000,0
3090,30.712500,88.750000,0.000000,393.589253,59.036243,0
3100,32.962500,91.625000,0.000000,365.077047,51.952957,0
3110,32.962500,91.625000,0.000000,0.000000,0.000000,0
3120,35.437500,94.125000,0.000000,351.790065,45.287916,0
3130,38.137500,95.875000,0.000000,321.753011,32.949215,0
3140,38.137500,95.875000,0.000000,0.000000,0.000000,0
3150,42.412500,96.625000,0.000000,434.029089,9.950627,0
3160,42.412500,96.625000,0.000000,0.000000,0.000000,0
3170,44.212500,96.750000,0.000000,180.433506,3.972496,0
3180,44.775000,96.625000,0.474609,57.622153,-12.528808,1
3190,44.775000,96.625000,0.474609,0.000000,0.000000,1
3200,44.775000,96.625000,0.474609,0.000000,0.000000,1
3210,44.775000,96.625000,0.474609,0.000000,0.000000,1
3220,47.812500,93.500000,0.569336,435.798477,-45.813476,1
3230,47.812500,93.500000,0.569336,0.000000,0.000000,1
3240,50.737500,91.250000,0.619141,369.027438,-37.568592,1
3250,50.737500,91.250000,0.619141,0.000000,0.000000,1
3260,53.775000,89.250000,0.634766,363.681265,-33.362355,1
3270,53.775000,89.250000,0.634766,0.000000,0.000000,1
3280,57.262500,87.125000,0.641602,408.390515,-31.354745,1
3290,60.637500,85.000000,0.650391,398.826403,-32.195734,1
3300,60.637500,85.000000,0.650391,0.000000,0.000000,1
3310,65.700000,81.875000,0.664063,594.933032,-31.686368,1
3320,69.075000,80.250000,0.663086,374.583102,-25.709954,1
3330,69.075000,80.250000,0.663086,0.000000,0.000000,1
3340,72.675000,79.250000,0.666992,373.630834,-15.524111,1
3350,72.675000,79.250000,0.666992,0.000000,0.000000,1
3360,76.162500,78.875000,0.665039,350.760335,-6.137256,1
3370,76.162500,78.875000,0.665039,0.000000,0.000000,1
3380,80.662500,78.875000,0.641602,450.000000,0.000000,1
3390,82.575000,78.875000,0.582031,191.250000,0.000000,1
3400,82.575000,78.875000,0.582031,0.000000,0.000000,1
3410,83.475000,78.750000,0.000000,90.863909,-7.907163,0
3420,83.475000,78.750000,0.000000,0.000000,0.000000,0
3430,83.250000,78.750000,0.000000,22.500000,180.000000,0
3440,81.562500,79.625000,0.000000,190.086329,152.592425,0
3450,78.975000,82.750000,0.000000,405.718884,129.624757,0
3460,78.975000,82.750000,0.000000,0.000000,0.000000,0
3470,79.200000,84.250000,0.000000,151.678113,81.469234,0
3480,79.200000,84.250000,0.000000,0.000000,0.000000,0
3490,79.200000,84.250000,0.000000,0.000000,0.000000,0
3500,79.200000,84.250000,0.000000,0.000000,0.000000,0
3510,79.200000,84.250000,0.000000,0.000000,0.000000,0
3520,79.200000,84.250000,0.000000,0.000000,0.000000,0
3530,79.200000,84.250000,0.000000,0.000000,0.000000,0
3540,79.200000,84.250000,0.000000,0.000000,0.000000,0
3550,79.200000,84.250000,0.000000,0.000000,0.000000,0
3560,79.200000,84.250000,0.000000,0.000000,0.000000,0
3570,79.200000,84.250000,0.000000,0.000000,0.000000,0
3580,79.200000,84.250000,0.000000,0.000000,0.000000,0
3590,96.525000,113.125000,0.000000,3367.374719,59.036243,0
3600,96.525000,113.125000,0.000000,0.000000,0.000000,0
3610,96.862500,113.500000,0.000000,50.451090,48.012788,0
3620,97.200000,113.875000,0.000000,50.451090,48.012788,0
3630,97.200000,113.875000,0.000000,0.000000,0.000000,0
3640,97.537500,114.000000,0.000000,35.990450,20.323137,0
3650,97.987500,114.125000,0.000000,46.703854,15.524111,0
3660,97.987500,114.125000,0.000000,0.000000,0.000000,0
3670,99.112500,114.125000,0.000000,112.500000,0.000000,0
3680,99.112500,114.125000,0.000000,0.000000,0.000000,0
3690,100.462500,113.375000,0.651367,154.434452,-29.054604,1
3700,100.462500,113.375000,0.651367,0.000000,0.000000,1
3710,100.462500,113.375000,0.651367,0.000000,0.000000,1
3720,100.462500,113.375000,0.651367,0.000000,0.000000,1
3730,100.462500,113.375000,0.651367,0.000000,0.000000,1
3740,99.787500,112.250000,0.710938,131.196418,-120.963757,1
3750,99.787500,112.250000,0.710938,0.000000,0.000000,1
3760,96.637500,107.875000,0.711914,539.102263,-125.753887,1
3770,96.637500,107.875000,0.711914,0.000000,0.000000,1
3780,93.375000,104.750000,0.692383,451.769092,-136.233182,1
3790,89.325000,101.750000,0.684570,504.008928,-143.471145,1
3800,89.325000,101.750000,0.684570,0.000000,0.000000,1
3810,84.825000,98.500000,0.682617,555.090083,-144.162347,1
3820,84.825000,98.500000,0.682617,0.000000,0.000000,1
3830,80.100000,95.375000,0.685547,566.491394,-146.520320,1
3840,74.250000,91.625000,0.694336,694.874089,-147.339087,1
3850,74.250000,91.625000,0.694336,0.000000,0.000000,1
3860,71.662500,90.125000,0.688477,299.084541,-149.898695,1
3870,71.662500,90.125000,0.688477,0.000000,0.000000,1
3880,70.200000,89.625000,0.660156,154.560870,-161.125450,1
3890,69.075000,89.500000,0.000000,113.192314,-173.659808,0
3900,69.075000,89.500000,0.000000,0.000000,0.000000,0
3910,68.737500,89.625000,0.000000,35.990450,159.676863,0
3920,67.950000,90.625000,0.000000,127.285359,128.220432,0
3930,67.837500,92.375000,0.000000,175.361234,93.678239,0
3940,67.837500,92.375000,0.000000,0.000000,0.000000,0
3950,67.837500,92.375000,0.000000,0.000000,0.000000,0
3960,68.287500,94.375000,0.000000,205.000000,77.319617,0
3970,70.537500,96.125000,0.000000,285.043856,37.874984,0
3980,70.537500,96.125000,0.000000,0.000000,0.000000,0
3990,75.937500,98.375000,0.000000,585.000000,22.619865,0
4000,75.937500,98.375000,0.000000,0.000000,0.000000,0
4010,79.875000,99.625000,0.000000,413.115072,17.612578,0
4020,83.250000,100.500000,0.000000,348.658142,14.534455,0
4030,83.250000,100.500000,0.000000,0.000000,0.000000,0
4040,85.725000,100.625000,0.000000,247.815456,2.891270,0
4050,87.862500,100.125000,0.000000,219.520073,-13.165794,0
4060,87.862500,100.125000,0.000000,0.000000,0.000000,0
4070,88.312500,99.875000,0.314453,51.478151,-29.054604,1
4080,88.312500,99.875000,0.314453,0.000000,0.000000,1
4090,88.312500,99.875000,0.314453,0.000000,0.000000,1
4100,88.762500,98.875000,0.422852,109.658561,-65.772255,1
4110,88.762500,98.875000,0.422852,0.000000,0.000000,1
4120,88.762500,98.875000,0.422852,0.000000,0.000000,1
4130,89.437500,97.750000,0.465820,131.196418,-59.036243,1
4140,90.000000,96.625000,0.480469,125.778824,-63.434949,1
4150,90.000000,96.625000,0.480469,0.000000,0.000000,1
4160,90.450000,95.000000,0.497070,168.615687,-74.521362,1
4170,90.450000,95.000000,0.497070,0.000000,0.000000,1
4180,90.675000,93.375000,0.542969,164.050297,-82.116861,1
4190,90.787500,91.625000,0.593750,175.361234,-86.321761,1
4200,90.787500,91.625000,0.593750,0.000000,0.000000,1
4210,90.900000,88.625000,0.630859,300.210863,-87.852415,1
4220,90.900000,88.625000,0.630859,0.000000,0.000000,1
4230,91.012500,86.250000,0.658203,237.766298,-87.288017,1
4240,91.125000,83.500000,0.676758,275.230017,-87.657388,1
4250,91.125000,83.500000,0.676758,0.000000,0.000000,1
4260,91.350000,80.250000,0.695313,325.777915,-86.039688,1
4270,91.350000,80.250000,0.695313,0.000000,0.000000,1
4280,91.575000,76.750000,0.723633,350.722469,-86.321761,1
4290,91.687500,70.875000,0.750000,587.607703,-88.902981,1
4300,91.687500,70.875000,0.750000,0.000000,0.000000,1
4310,91.687500,67.000000,0.754883,387.500000,-90.000000,1
4320,91.687500,67.000000,0.754883,0.000000,0.000000,1
4330,91.800000,63.625000,0.754883,337.687448,-88.090848,1
4340,91.800000,60.750000,0.756836,287.500000,-90.000000,1
4350,91.800000,60.750000,0.756836,0.000000,0.000000,1
4360,91.575000,57.125000,0.747070,363.197605,-93.551733,1
4370,91.575000,57.125000,0.747070,0.000000,0.000000,1
4380,91.125000,55.625000,0.719727,156.604598,-106.699244,1
4390,90.787500,54.875000,0.640625,82.243921,-114.227745,1
4400,90.787500,54.875000,0.640625,0.000000,0.000000,1
4410,90.900000,56.625000,0.000000,175.361234,86.321761,0
4420,90.900000,56.625000,0.000000,0.000000,0.000000,0
4430,90.900000,56.625000,0.000000,0.000000,0.000000,0
4440,91.462500,64.750000,0.000000,814.444788,86.039688,0
4450,91.575000,70.000000,0.000000,525.120522,88.772421,0
4460,91.575000,70.000000,0.000000,0.000000,0.000000,0
4470,91.462500,75.500000,0.000000,550.115045,91.171796,0
4480,91.462500,75.500000,0.000000,0.000000,0.000000,0
4490,91.462500,80.125000,0.000000,462.500000,90.000000,0
4500,91.912500,86.750000,0.000000,664.026543,86.114180,0
4510,91.912500,86.750000,0.000000,0.000000,0.000000,0
4520,92.925000,91.125000,0.000000,449.063261,76.969521,0
4530,95.062500,95.000000,0.000000,442.544136,61.118304,0
4540,95.062500,95.000000,0.000000,0.000000,0.000000,0
4550,97.987500,98.375000,0.000000,446.612248,49.085617,0
4560,97.987500,98.375000,0.000000,0.000000,0.000000,0
4570,99.787500,101.375000,0.000000,349.857114,59.036243,0
4580,99.787500,101.375000,0.000000,0.000000,0.000000,0
4590,101.025000,103.750000,0.000000,267.806483,62.478115,0
4600,101.025000,103.750000,0.000000,0.000000,0.000000,0
4610,103.162500,105.375000,0.000000,268.505703,37.243329,0
4620,104.512500,105.375000,0.000000,135.000000,0.000000,0
4630,104.512500,105.375000,0.000000,0.000000,0.000000,0
4640,105.300000,105.500000,0.000000,79.735892,9.019322,0
4650,105.525000,105.500000,0.524414,22.500000,0.000000,1
4660,105.525000,105.500000,0.524414,0.000000,0.000000,1
4670,105.525000,105.500000,0.524414,0.000000,0.000000,1
4680,105.525000,105.500000,0.524414,0.000000,0.000000,1
4690,105.525000,105.500000,0.524414,0.000000,0.000000,1
4700,105.525000,105.500000,0.524414,0.000000,0.000000,1
4710,107.212500,105.250000,0.539063,170.591801,-8.426969,1
4720,107.212500,105.250000,0.539063,0.000000,0.000000,1
4730,113.175000,106.750000,0.564453,614.828482,14.121000,1
4740,113.175000,106.750000,0.564453,0.000000,0.000000,1
4750,113.175000,106.750000,0.564453,0.000000,0.000000,1
4760,117.450000,108.250000,0.568359,453.052149,19.334809,1
4770,119.700000,108.750000,0.567383,230.488611,12.528808,1
4780,119.700000,108.750000,0.567383,0.000000,0.000000,1
4790,121.050000,108.875000,0.571289,135.577469,5.290081,1
4800,121.050000,108.875000,0.571289,0.000000,0.000000,1
4810,121.950000,108.750000,0.572266,90.863909,-7.907163,1
4820,121.950000,108.750000,0.572266,0.000000,0.000000,1
4830,122.400000,108.250000,0.572266,67.268120,-48.012788,1
4840,122.400000,106.625000,0.566406,162.500000,-90.000000,1
4850,122.400000,106.625000,0.566406,0.000000,0.000000,1
4860,121.612500,104.000000,0.555664,274.058046,-106.699244,1
4870,121.612500,104.000000,0.555664,0.000000,0.000000,1
4880,120.150000,101.250000,0.553711,311.470805,-118.004857,1
4890,118.687500,98.750000,0.551758,289.636086,-120.327634,1
4900,118.687500,98.750000,0.551758,0.000000,0.000000,1
4910,117.112500,95.375000,0.550781,372.441271,-115.016893,1
4920,117.112500,95.375000,0.550781,0.000000,0.000000,1
4930,116.887500,93.375000,0.553711,201.261646,-96.418787,1
4940,117.112500,91.625000,0.555664,176.440500,-82.673593,1
4950,117.112500,91.625000,0.555664,0.000000,0.000000,1
4960,117.900000,90.000000,0.555664,180.576334,-64.144458,1
4970,117.900000,90.000000,0.555664,0.000000,0.000000,1
4980,119.475000,87.750000,0.553711,274.647501,-55.007980,1
4990,120.600000,86.125000,0.553711,197.642354,-55.304846,1
5000,120.600000,86.125000,0.553711,0.000000,0.000000,1
5010,121.725000,84.375000,0.564453,208.041462,-57.264774,1
5020,121.725000,84.375000,0.564453,0.000000,0.000000,1
5030,122.512500,82.375000,0.581055,214.945487,-68.507960,1
5040,123.075000,80.125000,0.602539,231.924691,-75.963757,1
5050,123.075000,80.125000,0.602539,0.000000,0.000000,1
5060,123.300000,76.125000,0.633789,400.632313,-86.780505,1
5070,123.300000,76.125000,0.633789,0.000000,0.000000,1
5080,123.412500,73.250000,0.666016,287.720025,-87.759135,1
5090,123.412500,70.500000,0.690430,275.000000,-90.000000,1
5100,123.412500,70.500000,0.690430,0.000000,0.000000,1
5110,123.187500,67.875000,0.697266,263.462521,-94.899092,1
5120,123.187500,67.875000,0.697266,0.000000,0.000000,1
5130,122.400000,64.375000,0.700195,358.750000,-102.680383,1
5140,121.500000,62.625000,0.700195,196.786687,-117.216112,1
5150,121.500000,62.625000,0.700195,0.000000,0.000000,1
5160,120.375000,61.125000,0.701172,187.500000,-126.869898,1
5170,120.375000,61.125000,0.701172,0.000000,0.000000,1
5180,119.025000,60.125000,0.706055,168.002976,-143.471145,1
5190,117.562500,59.500000,0.732422,159.045001,-156.860538,1
5200,117.562500,59.500000,0.732422,0.000000,0.000000,1
5210,115.425000,59.250000,0.755859,215.207022,-173.329047,1
5220,115.425000,59.250000,0.755859,0.000000,0.000000,1
5230,114.187500,59.625000,0.758789,129.307047,163.141601,1
5240,113.062500,60.125000,0.748047,123.110723,156.037511,1
5250,113.062500,60.125000,0.748047,0.000000,0.000000,1
5260,111.937500,60.750000,0.710938,128.695377,150.945396,1
5270,111.937500,60.750000,0.710938,0.000000,0.000000,1
5280,110.025000,62.125000,0.000000,235.547899,144.285593,0
5290,108.787500,63.250000,0.000000,167.243273,137.726311,0
5300,108.787500,63.250000,0.000000,0.000000,0.000000,0
5310,106.987500,65.000000,0.000000,251.047804,135.806929,0
5320,105.300000,67.125000,0.000000,271.353667,128.453709,0
5330,103.950000,69.250000,0.000000,251.756331,122.427555,0
5340,103.950000,69.250000,0.000000,0.000000,0.000000,0
5350,103.725000,72.250000,0.000000,300.842567,94.289153,0
5360,103.725000,72.250000,0.000000,0.000000,0.000000,0
5370,104.062500,74.000000,0.000000,178.224753,79.084118,0
5380,104.062500,74.000000,0.000000,0.000000,0.000000,0
5390,102.825000,75.375000,0.000000,184.987331,131.987212,0
5400,102.825000,75.375000,0.000000,0.000000,0.000000,0
5410,101.700000,76.500000,0.000000,159.099026,135.000000,0
5420,98.887500,78.000000,0.000000,318.750000,151.927513,0
5430,98.887500,78.000000,0.000000,0.000000,0.000000,0
5440,97.875000,78.375000,0.000000,107.971350,159.676863,0
5450,98.212500,78.250000,0.000000,35.990450,-20.323137,0
5460,98.212500,78.250000,0.000000,0.000000,0.000000,0
5470,97.425000,78.875000,0.000000,100.537617,141.562699,0
5480,97.425000,78.875000,0.000000,0.000000,0.000000,0
5490,96.637500,79.625000,0.000000,108.750000,136.397181,0
5500,96.525000,80.000000,0.000000,39.151149,106.699244,0
5510,96.525000,80.000000,0.000000,0.000000,0.000000,0
5520,96.637500,80.250000,0.619141,27.414640,65.772255,1
5530,96.637500,80.250000,0.619141,0.000000,0.000000,1
5540,96.637500,80.250000,0.619141,0.000000,0.000000,1
5550,97.425000,80.375000,0.628906,79.735892,9.019322,1
5560,97.425000,80.375000,0.628906,0.000000,0.000000,1
5570,97.425000,80.375000,0.628906,0.000000,0.000000,1
5580,100.912500,80.750000,0.648438,350.760335,6.137256,1
5590,104.062500,81.375000,0.677734,321.140546,11.222458,1
5600,104.062500,81.375000,0.677734,0.000000,0.000000,1
5610,107.662500,82.250000,0.680664,370.481106,13.661154,1
5620,111.712500,83.375000,0.681641,420.334688,15.524111,1
5630,111.712500,83.375000,0.681641,0.000000,0.000000,1
5640,116.100000,84.500000,0.681641,452.943498,14.381395,1
5650,116.100000,84.500000,0.681641,0.000000,0.000000,1
5660,123.075000,85.875000,0.694336,710.923695,11.151876,1
5670,123.075000,85.875000,0.694336,0.000000,0.000000,1
5680,127.800000,86.375000,0.715820,475.138138,6.040565,1
5690,132.412500,86.875000,0.722656,463.952112,6.186767,1
5700,132.412500,86.875000,0.722656,0.000000,0.000000,1
5710,136.575000,87.125000,0.726563,417.000075,3.437059,1
5720,136.575000,87.125000,0.726563,0.000000,0.000000,1
5730,141.412500,87.250000,0.726563,483.911472,1.480182,1
5740,143.662500,87.250000,0.726563,225.000000,0.000000,1
5750,143.662500,87.250000,0.726563,0.000000,0.000000,1
5760,144.787500,87.375000,0.724609,113.192314,6.340192,1
5770,144.787500,87.375000,0.724609,0.000000,0.000000,1
5780,145.237500,87.375000,0.724609,45.000000,0.000000,1
5790,145.575000,87.375000,0.697266,33.750000,0.000000,1
5800,145.575000,87.375000,0.697266,0.000000,0.000000,1
5810,145.012500,87.125000,0.000000,61.555361,-156.037511,0
5820,145.012500,87.125000,0.000000,0.000000,0.000000,0
5830,143.437500,87.500000,0.000000,161.902749,166.607502,0
5840,140.962500,88.625000,0.000000,271.868534,155.556045,0
5850,140.400000,89.875000,0.000000,137.073201,114.227745,0
5860,139.950000,90.750000,0.000000,98.393343,117.216112,0
5870,139.950000,90.750000,0.000000,0.000000,0.000000,0
5880,139.950000,90.750000,0.000000,0.000000,0.000000,0
5890,139.950000,90.750000,0.000000,0.000000,0.000000,0
5900,139.950000,90.750000,0.000000,0.000000,0.000000,0
5910,139.950000,90.750000,0.000000,0.000000,0.000000,0
5920,139.950000,90.750000,0.000000,0.000000,0.000000,0
5930,139.950000,90.750000,0.000000,0.000000,0.000000,0
5940,139.950000,90.750000,0.000000,0.000000,0.000000,0
5950,139.950000,90.750000,0.000000,0.000000,0.000000,0
5960,139.950000,90.750000,0.000000,0.000000,0.000000,0
5970,139.950000,90.750000,0.000000,0.000000,0.000000,0
5980,174.937500,112.125000,0.000000,4100.019245,31.422113,0
5990,175.725000,112.625000,0.000000,93.282166,32.412307,0
6000,175.725000,112.625000,0.000000,0.000000,0.000000,0
6010,177.075000,113.625000,0.000000,168.002976,36.528855,0
6020,179.325000,115.875000,0.000000,318.198052,45.000000,0
6030,179.325000,115.875000,0.000000,0.000000,0.000000,0
6040,180.450000,118.375000,0.000000,274.146402,65.772255,0
6050,180.000000,118.000000,0.000000,58.576873,-140.194429,0
6060,180.000000,118.000000,0.000000,0.000000,0.000000,0
6070,180.225000,117.875000,0.000000,25.739075,-29.054604,0
6080,180.225000,117.875000,0.000000,0.000000,0.000000,0
6090,180.900000,119.250000,0.000000,153.174737,63.853159,0
6100,181.462500,119.875000,0.000000,84.085150,48.012788,0
6110,181.462500,119.875000,0.000000,0.000000,0.000000,0
6120,181.575000,120.000000,0.000000,16.817030,48.012788,0
6130,181.575000,120.000000,0.000000,0.000000,0.000000,0
6140,181.462500,119.125000,0.361328,88.220250,-97.326407,1
6150,181.462500,119.125000,0.361328,0.000000,0.000000,1
6160,181.462500,119.125000,0.361328,0.000000,0.000000,1
6170,181.462500,119.125000,0.361328,0.000000,0.000000,1
6180,181.462500,119.125000,0.361328,0.000000,0.000000,1
6190,181.462500,119.125000,0.361328,0.000000,0.000000,1
6200,181.462500,119.125000,0.361328,0.000000,0.000000,1
6210,182.137500,118.375000,0.662109,100.902180,-48.012788,1
6220,182.137500,118.375000,0.662109,0.000000,0.000000,1
6230,182.475000,117.750000,0.663086,71.030363,-61.630954,1
6240,182.812500,116.875000,0.664063,93.783327,-68.907660,1
6250,182.812500,116.875000,0.664063,0.000000,0.000000,1
6260,183.037500,116.000000,0.604492,90.346555,-75.579227,1
6270,183.037500,116.000000,0.604492,0.000000,0.000000,1
6280,182.925000,115.750000,0.487305,27.414640,-114.227745,1
6290,182.362500,115.750000,0.000000,56.250000,180.000000,0
6300,182.362500,115.750000,0.000000,0.000000,0.000000,0
6310,179.775000,116.500000,0.000000,269.400376,163.835501,0
6320,176.962500,116.625000,0.000000,281.527641,177.455196,0
6330,173.025000,116.000000,0.000000,398.679461,-170.980678,0
6340,173.025000,116.000000,0.000000,0.000000,0.000000,0
6350,171.112500,115.250000,0.000000,205.430189,-158.587031,0
6360,171.112500,115.250000,0.000000,0.000000,0.000000,0
6370,169.650000,114.500000,0.000000,164.359553,-152.850318,0
6380,169.650000,114.500000,0.000000,0.000000,0.000000,0
6390,168.412500,113.625000,0.000000,151.559600,-144.736988,0
6400,168.412500,113.625000,0.000000,0.000000,0.000000,0
6410,166.162500,111.625000,0.000000,301.039864,-138.366461,0
6420,164.475000,109.625000,0.000000,261.680268,-130.156000,0
6430,164.475000,109.625000,0.000000,0.000000,0.000000,0
6440,163.350000,108.000000,0.000000,197.642354,-124.695154,0
6450,162.787500,107.500000,0.591797,75.259966,-138.366461,1
6460,162.787500,107.500000,0.591797,0.000000,0.000000,1
6470,162.787500,107.500000,0.591797,0.000000,0.000000,1
6480,162.787500,107.500000,0.591797,0.000000,0.000000,1
6490,162.787500,107.500000,0.591797,0.000000,0.000000,1
6500,162.787500,107.500000,0.591797,0.000000,0.000000,1
6510,163.462500,107.125000,0.620117,77.217226,-29.054604,1
6520,163.462500,107.125000,0.620117,0.000000,0.000000,1
6530,167.625000,107.625000,0.633789,419.242248,6.849558,1
6540,167.625000,107.625000,0.633789,0.000000,0.000000,1
6550,167.625000,107.625000,0.633789,0.000000,0.000000,1
6560,172.012500,109.125000,0.641602,463.682610,18.874550,1
6570,175.837500,110.500000,0.644531,406.463405,19.772351,1
6580,175.837500,110.500000,0.644531,0.000000,0.000000,1
6590,180.337500,112.000000,0.652344,474.341649,18.434949,1
6600,180.337500,112.000000,0.652344,0.000000,0.000000,1
6610,184.612500,113.375000,0.658203,449.068480,17.829734,1
6620,184.612500,113.375000,0.658203,0.000000,0.000000,1
6630,188.437500,114.375000,0.665039,395.355852,14.651359,1
6640,192.262500,115.250000,0.688477,392.380555,12.885169,1
6650,192.262500,115.250000,0.688477,0.000000,0.000000,1
6660,193.950000,115.500000,0.702148,170.591801,8.426969,1
6670,193.950000,115.500000,0.702148,0.000000,0.000000,1
6680,194.850000,115.625000,0.713867,90.863909,7.907163,1
6690,195.300000,115.750000,0.713867,46.703854,15.524111,1
6700,195.300000,115.750000,0.713867,0.000000,0.000000,1
6710,196.087500,115.750000,0.639648,78.750000,0.000000,1
6720,196.312500,115.750000,0.000000,22.500000,0.000000,0
6730,196.312500,115.750000,0.000000,0.000000,0.000000,0
6740,194.175000,116.000000,0.000000,215.207022,173.329047,0
6750,194.175000,116.000000,0.000000,0.000000,0.000000,0
6760,190.575000,116.000000,0.000000,360.000000,180.000000,0
6770,186.412500,115.125000,0.000000,425.347285,-168.128686,0
6780,186.412500,115.125000,0.000000,0.000000,0.000000,0
6790,183.037500,113.875000,0.000000,359.904501,-159.676863,0
6800,183.037500,113.875000,0.000000,0.000000,0.000000,0
6810,179.775000,112.250000,0.000000,364.479509,-153.522826,0
6820,178.087500,110.750000,0.000000,225.779898,-138.366461,0
6830,178.087500,110.750000,0.000000,0.000000,0.000000,0
6840,176.850000,109.125000,0.000000,204.255508,-127.290667,0
6850,175.500000,106.750000,0.000000,273.187207,-119.614812,0
6860,175.500000,106.750000,0.000000,0.000000,0.000000,0
6870,175.162500,105.500000,0.000000,129.476108,-105.109575,0
6880,175.162500,105.500000,0.000000,0.000000,0.000000,0
6890,175.162500,104.625000,0.000000,87.500000,-90.000000,0
6900,175.275000,104.250000,0.000000,39.151149,-73.300756,0
6910,175.387500,104.125000,0.684570,16.817030,-48.012788,1
6920,175.387500,104.125000,0.684570,0.000000,0.000000,1
6930,175.387500,104.125000,0.684570,0.000000,0.000000,1
6940,175.387500,104.125000,0.684570,0.000000,0.000000,1
6950,175.387500,104.125000,0.684570,0.000000,0.000000,1
6960,176.062500,104.000000,0.719727,68.647651,-10.491477,1
6970,176.062500,104.000000,0.719727,0.000000,0.000000,1
6980,176.512500,103.375000,0.710938,77.014609,-54.246113,1
6990,177.300000,102.375000,0.701172,127.285359,-51.779568,1
7000,177.300000,102.375000,0.701172,0.000000,0.000000,1
7010,177.975000,101.125000,0.570313,142.060726,-61.630954,1
7020,178.425000,100.375000,0.299805,87.464278,-59.036243,1
7030,178.537500,100.125000,0.000000,27.414640,-65.772255,0
7040,178.537500,100.125000,0.000000,0.000000,0.000000,0
7050,178.537500,100.125000,0.000000,0.000000,0.000000,0
7060,178.425000,101.125000,0.000000,100.630823,96.418787,0
7070,178.537500,103.250000,0.000000,212.797586,86.969523,0
7080,178.537500,103.250000,0.000000,0.000000,0.000000,0
7090,179.887500,105.750000,0.000000,284.121453,61.630954,0
7100,182.812500,108.625000,0.000000,410.137172,44.506083,0
7110,182.812500,108.625000,0.000000,0.000000,0.000000,0
7120,184.500000,109.875000,0.000000,210.003720,36.528855,0
7130,185.737500,110.125000,0.000000,126.250000,11.421186,0
7140,185.737500,110.125000,0.000000,0.000000,0.000000,0
7150,186.750000,110.250000,0.000000,102.018687,7.037941,0
7160,186.750000,110.250000,0.000000,0.000000,0.000000,0
7170,187.425000,109.875000,0.000000,77.217226,-29.054604,0
7180,187.875000,109.250000,0.547852,77.014609,-54.246113,1
7190,187.875000,109.250000,0.547852,0.000000,0.000000,1
7200,187.875000,109.250000,0.547852,0.000000,0.000000,1
7210,187.875000,109.250000,0.547852,0.000000,0.000000,1
7220,187.875000,108.375000,0.661133,87.500000,-90.000000,1
7230,187.875000,108.375000,0.661133,0.000000,0.000000,1
7240,187.312500,106.375000,0.661133,207.759627,-105.708638,1
7250,187.312500,106.375000,0.661133,0.000000,0.000000,1
7260,185.062500,102.750000,0.667969,426.651204,-121.827447,1
7270,185.062500,102.750000,0.667969,0.000000,0.000000,1
7280,182.700000,100.250000,0.673828,343.968113,-133.380243,1
7290,180.225000,97.875000,0.662109,343.019679,-136.181189,1
7300,180.225000,97.875000,0.662109,0.000000,0.000000,1
7310,177.975000,96.000000,0.561523,292.884363,-140.194429,1
7320,177.975000,96.000000,0.561523,0.000000,0.000000,1
7330,175.275000,94.125000,0.000000,328.719105,-145.222169,0
7340,174.375000,93.750000,0.000000,97.500000,-157.380135,0
7350,174.375000,93.750000,0.000000,0.000000,0.000000,0
7360,173.025000,93.500000,0.000000,137.295302,-169.508523,0
7370,171.787500,93.125000,0.000000,129.307047,-163.141601,0
7380,171.787500,93.125000,0.000000,0.000000,0.000000,0
7390,171.112500,92.750000,0.000000,77.217226,-150.945396,0
7400,170.775000,92.625000,0.412109,35.990450,-159.676863,1
7410,170.775000,92.625000,0.412109,0.000000,0.000000,1
7420,170.775000,92.625000,0.412109,0.000000,0.000000,1
7430,170.775000,92.625000,0.412109,0.000000,0.000000,1
7440,170.775000,92.625000,0.412109,0.000000,0.000000,1
7450,170.775000,92.625000,0.412109,0.000000,0.000000,1
7460,171.900000,92.750000,0.515625,113.192314,6.340192,1
7470,171.900000,92.750000,0.515625,0.000000,0.000000,1
7480,175.725000,94.000000,0.601563,402.406822,18.097257,1
7490,179.325000,95.375000,0.615234,385.365087,20.904079,1
7500,179.325000,95.375000,0.615234,0.000000,0.000000,1
7510,183.712500,97.000000,0.624023,467.875852,20.323137,1
7520,183.712500,97.000000,0.624023,0.000000,0.000000,1
7530,192.825000,99.500000,0.628906,944.921458,15.341538,1
7540,192.825000,99.500000,0.628906,0.000000,0.000000,1
7550,192.825000,99.500000,0.628906,0.000000,0.000000,1
7560,198.112500,100.375000,0.663086,535.941053,9.396415,1
7570,200.700000,100.375000,0.664063,258.750000,0.000000,1
7580,200.700000,100.375000,0.664063,0.000000,0.000000,1
7590,202.612500,100.375000,0.642578,191.250000,0.000000,1
7600,202.612500,100.375000,0.642578,0.000000,0.000000,1
7610,203.850000,100.000000,0.000000,129.307047,-16.858399,0
7620,203.850000,100.000000,0.000000,0.000000,0.000000,0
7630,202.725000,99.875000,0.000000,113.192314,-173.659808,0
7640,199.687500,99.500000,0.000000,306.056061,-172.962059,0
7650,195.187500,98.750000,0.000000,456.207190,-170.537678,0
7660,195.187500,98.750000,0.000000,0.000000,0.000000,0
7670,190.237500,97.625000,0.000000,507.623138,-167.195734,0
7680,190.237500,97.625000,0.000000,0.000000,0.000000,0
7690,185.737500,96.500000,0.000000,463.849383,-165.963757,0
7700,181.012500,95.125000,0.000000,492.100091,-163.774725,0
7710,181.012500,95.125000,0.000000,0.000000,0.000000,0
7720,178.762500,94.250000,0.000000,241.415099,-158.749494,0
7730,177.187500,93.750000,0.000000,165.246029,-162.387422,0
7740,177.187500,93.750000,0.000000,0.000000,0.000000,0
7750,175.612500,93.625000,0.398438,157.995253,-175.462227,1
7760,175.612500,93.625000,0.398438,0.000000,0.000000,1
7770,174.262500,93.375000,0.499023,137.295302,-169.508523,1
7780,174.262500,93.375000,0.499023,0.000000,0.000000,1
7790,174.037500,93.125000,0.528320,33.634060,-131.987212,1
7800,174.037500,93.125000,0.528320,0.000000,0.000000,1
7810,173.700000,92.375000,0.536133,82.243921,-114.227745,1
7820,173.700000,92.375000,0.536133,0.000000,0.000000,1
7830,173.475000,90.875000,0.555664,151.678113,-98.530766,1
7840,173.025000,88.875000,0.585938,205.000000,-102.680383,1
7850,173.025000,88.875000,0.585938,0.000000,0.000000,1
7860,171.675000,85.375000,0.608398,375.133310,-111.092340,1
7870,171.675000,85.375000,0.608398,0.000000,0.000000,1
7880,169.987500,82.500000,0.618164,333.365884,-120.411081,1
7890,167.625000,79.375000,0.653320,391.752872,-127.089281,1
7900,167.625000,79.375000,0.653320,0.000000,0.000000,1
7910,164.475000,75.750000,0.692383,480.240825,-130.989515,1
7920,164.475000,75.750000,0.692383,0.000000,0.000000,1
7930,159.187500,70.000000,0.716797,781.153994,-132.600561,1
7940,155.700000,66.375000,0.702148,503.023670,-133.892487,1
7950,152.887500,63.500000,0.636719,402.191264,-134.370401,1
7960,152.887500,63.500000,0.636719,0.000000,0.000000,1
7970,152.887500,63.500000,0.636719,0.000000,0.000000,1
7980,150.075000,61.000000,0.000000,376.299831,-138.366461,0
7990,150.075000,61.000000,0.000000,0.000000,0.000000,0
8000,150.075000,61.000000,0.000000,0.000000,0.000000,0
8010,150.075000,63.250000,0.000000,225.000000,90.000000,0
8020,151.087500,66.375000,0.000000,328.493246,72.047676,0
8030,151.087500,66.375000,0.000000,0.000000,0.000000,0
8040,152.775000,69.875000,0.000000,388.557026,64.259292,0
8050,152.775000,69.875000,0.000000,0.000000,0.000000,0
8060,155.700000,73.625000,0.000000,475.585166,52.045769,0
8070,161.775000,78.625000,0.000000,786.801277,39.455927,0
8080,161.775000,78.625000,0.000000,0.000000,0.000000,0
8090,166.500000,81.250000,0.000000,540.520582,29.054604,0
8100,171.225000,83.000000,0.000000,503.866302,20.323137,0
8110,171.225000,83.000000,0.000000,0.000000,0.000000,0
8120,174.712500,84.000000,0.000000,362.803752,15.999628,0
8130,177.300000,84.625000,0.000000,266.191308,13.579453,0
8140,177.300000,84.625000,0.000000,0.000000,0.000000,0
8150,180.450000,84.500000,0.000000,315.247918,-2.272450,0
8160,180.450000,84.500000,0.000000,0.000000,0.000000,0
8170,182.587500,84.875000,0.000000,217.014544,9.950627,0
8180,182.587500,84.875000,0.000000,0.000000,0.000000,0
8190,184.275000,84.875000,0.000000,168.750000,0.000000,0
8200,184.275000,84.875000,0.000000,0.000000,0.000000,0
8210,185.062500,84.375000,0.467773,93.282166,-32.412307,1
8220,185.062500,84.375000,0.467773,0.000000,0.000000,1
8230,185.062500,84.375000,0.467773,0.000000,0.000000,1
8240,184.500000,83.625000,0.550781,93.750000,-126.869898,1
8250,184.500000,83.625000,0.550781,0.000000,0.000000,1
8260,183.487500,82.125000,0.589844,180.973928,-124.019350,1
8270,183.487500,82.125000,0.589844,0.000000,0.000000,1
8280,181.800000,79.875000,0.658203,281.250000,-126.869898,1
8290,179.775000,77.375000,0.677734,321.723872,-129.007473,1
8300,179.775000,77.375000,0.677734,0.000000,0.000000,1
8310,176.287500,73.500000,0.685547,521.327932,-131.987212,1
8320,176.287500,73.500000,0.685547,0.000000,0.000000,1
8330,173.925000,71.000000,0.682617,343.968113,-133.380243,1
8340,171.787500,69.125000,0.657227,284.333101,-138.742988,1
8350,171.787500,69.125000,0.657227,0.000000,0.000000,1
8360,170.887500,68.125000,0.618164,134.536240,-131.987212,1
8370,170.887500,68.125000,0.618164,0.000000,0.000000,1
8380,170.775000,67.875000,0.542969,27.414640,-114.227745,1
8390,171.900000,68.500000,0.000000,128.695377,29.054604,0
8400,171.900000,68.500000,0.000000,0.000000,0.000000,0
8410,173.475000,70.375000,0.000000,244.872416,49.969741,0
8420,174.600000,71.875000,0.000000,187.500000,53.130102,0
8430,174.600000,71.875000,0.000000,0.000000,0.000000,0
8440,175.950000,73.125000,0.000000,183.983695,42.797402,0
8450,179.662500,74.000000,0.000000,381.422092,13.262023,0
8460,179.662500,74.000000,0.000000,0.000000,0.000000,0
8470,182.700000,73.750000,0.000000,304.777070,-4.705097,0
8480,182.700000,73.750000,0.000000,0.000000,0.000000,0
8490,185.287500,73.875000,0.000000,259.051756,2.765762,0
8500,187.650000,74.250000,0.000000,239.207677,9.019322,0
8510,187.650000,74.250000,0.000000,0.000000,0.000000,0
8520,189.450000,74.375000,0.000000,180.433506,3.972496,0
8530,191.475000,73.375000,0.000000,225.845633,-26.281411,0
8540,191.475000,73.375000,0.000000,0.000000,0.000000,0
8550,191.925000,72.500000,0.000000,98.393343,-62.783888,0
8560,191.925000,72.375000,0.654297,12.500000,-90.000000,1
8570,191.925000,72.375000,0.654297,0.000000,0.000000,1
8580,191.925000,72.375000,0.654297,0.000000,0.000000,1
8590,191.362500,72.000000,0.750977,67.604086,-146.309932,1
8600,191.362500,72.000000,0.750977,0.000000,0.000000,1
8610,189.000000,69.750000,0.722656,326.250000,-136.397181,1
8620,189.000000,69.750000,0.722656,0.000000,0.000000,1
8630,186.525000,67.500000,0.718750,334.486547,-137.726311,1
8640,184.162500,65.750000,0.648438,294.005208,-143.471145,1
8650,184.162500,65.750000,0.648438,0.000000,0.000000,1
8660,182.137500,64.375000,0.502930,244.770300,-145.823011,1
8670,182.137500,64.375000,0.502930,0.000000,0.000000,1
8680,180.562500,63.500000,0.000000,180.173527,-150.945396,0
8690,180.337500,63.500000,0.000000,22.500000,180.000000,0
8700,180.337500,63.500000,0.000000,0.000000,0.000000,0
8710,180.900000,64.000000,0.000000,75.259966,41.633539,0
8720,182.475000,65.250000,0.000000,201.075235,38.437301,0
8730,184.837500,66.750000,0.000000,279.846498,32.412307,0
8740,184.837500,66.750000,0.000000,0.000000,0.000000,0
8750,188.662500,68.000000,0.000000,402.406822,18.097257,0
8760,188.662500,68.000000,0.000000,0.000000,0.000000,0
8770,191.587500,67.875000,0.000000,292.766972,-2.447049,0
8780,191.587500,67.875000,0.000000,0.000000,0.000000,0
8790,194.625000,68.000000,0.000000,304.007093,2.356521,0
8800,194.625000,68.000000,0.000000,0.000000,0.000000,0
8810,197.212500,67.500000,0.000000,263.536644,-10.936849,0
8820,199.125000,66.000000,0.000000,243.056706,-38.107577,0
8830,199.125000,66.000000,0.000000,0.000000,0.000000,0
8840,199.800000,65.125000,0.526367,110.510181,-52.352379,1
8850,199.800000,65.125000,0.526367,0.000000,0.000000,1
8860,199.800000,64.125000,0.618164,100.000000,-90.000000,1
8870,199.575000,61.500000,0.692383,263.462521,-94.899092,1
8880,199.575000,61.500000,0.692383,0.000000,0.000000,1
8890,198.900000,58.125000,0.742188,344.183817,-101.309932,1
8900,198.900000,58.125000,0.742188,0.000000,0.000000,1
8910,196.087500,52.500000,0.797852,628.894119,-116.565051,1
8920,196.087500,52.500000,0.797852,0.000000,0.000000,1
8930,188.100000,44.125000,0.803711,1157.327876,-133.643363,1
8940,188.100000,44.125000,0.803711,0.000000,0.000000,1
8950,188.100000,44.125000,0.803711,0.000000,0.000000,1
8960,182.025000,40.000000,0.803711,734.310901,-145.823011,1
8970,175.275000,36.000000,0.803711,784.617741,-149.349332,1
8980,175.275000,36.000000,0.803711,0.000000,0.000000,1
8990,168.637500,32.375000,0.766602,756.287189,-151.359309,1
9000,168.637500,32.375000,0.766602,0.000000,0.000000,1
